Workbook

Sheet ETF Data
A1: Date | B1: VGT Close | C1: VGT Daily Return | D1: IXIC Close | E1: IXIC Daily Return | F1: Active Return
A2: 45777 | B2: 68.68125 | D2: 17446.342
A3: 45778 | B3: 69.89375 | C3: =(B3-B2)/B2 -> 0.017654018 | D3: 17710.739 | E3: =(D3-D2)/D2 -> 0.015154867 | F3: =C3-E3 -> 0.0024991502
A4: 45779 | B4: 70.9425 | C4: =(B4-B3)/B3 -> 0.015004918 | D4: 17977.728 | E4: =(D4-D3)/D3 -> 0.015074978 | F4: =C4-E4 -> -7.0059776e-05
A5: 45782 | B5: 70.4625 | C5: =(B5-B4)/B4 -> -0.0067660429 | D5: 17844.241 | E5: =(D5-D4)/D4 -> -0.0074251318 | F5: =C5-E5 -> 0.00065908889
A6: 45783 | B6: 69.86625 | C6: =(B6-B5)/B5 -> -0.0084619478 | D6: 17689.659 | E6: =(D6-D5)/D5 -> -0.0086628509 | F6: =C6-E6 -> 0.0002009031
A7: 45784 | B7: 70.56375 | C7: =(B7-B6)/B6 -> 0.0099833611 | D7: 17738.162 | E7: =(D7-D6)/D6 -> 0.0027418844 | F7: =C7-E7 -> 0.0072414767
A8: 45785 | B8: 71.3975 | C8: =(B8-B7)/B7 -> 0.011815557 | D8: 17928.139 | E8: =(D8-D7)/D7 -> 0.010710072 | F8: =C8-E8 -> 0.0011054844
A9: 45786 | B9: 71.4 | C9: =(B9-B8)/B8 -> 3.5015232e-05 | D9: 17928.916 | E9: =(D9-D8)/D8 -> 4.3339691e-05 | F9: =C9-E9 -> -8.3244591e-06
A10: 45789 | B10: 74.77375 | C10: =(B10-B9)/B9 -> 0.047251401 | D10: 18708.344 | E10: =(D10-D9)/D9 -> 0.043473236 | F10: =C10-E10 -> 0.0037781644
A11: 45790 | B11: 76.43625 | C11: =(B11-B10)/B10 -> 0.022233738 | D11: 19010.085 | E11: =(D11-D10)/D10 -> 0.016128686 | F11: =C11-E11 -> 0.0061050528
A12: 45791 | B12: 76.97875 | C12: =(B12-B11)/B11 -> 0.0070974178 | D12: 19146.809 | E12: =(D12-D11)/D11 -> 0.0071921825 | F12: =C12-E12 -> -9.4764682e-05
A13: 45792 | B13: 76.94375 | C13: =(B13-B12)/B12 -> -0.00045467093 | D13: 19112.319 | E13: =(D13-D12)/D12 -> -0.0018013445 | F13: =C13-E13 -> 0.0013466736
A14: 45793 | B14: 77.08875 | C14: =(B14-B13)/B13 -> 0.0018844935 | D14: 19211.102 | E14: =(D14-D13)/D13 -> 0.0051685512 | F14: =C14-E14 -> -0.0032840577
... A253: 46142 | B253: 102.625 | C253: =(B253-B252)/B252 -> -0.0048967323 | D253: 24800.39 | E253: =(D253-D252)/D252 -> 0.0051533157 | F253: =C253-E253 -> -0.010050048

Sheet Metrics
B2: VGT | E2: VGT | H2: IXIC | K2: Risk-free Rate | L2: 0.0442
B3: Average Return | C3: =AVERAGE('ETF Data'!C3:C253) -> 0.0016847985 | E3: Historical Beta | F3: =_xlfn.COVARIANCE.P('ETF Data'!C3:C253,'ETF Data'!E3:E253)/_xlfn.VAR.P('ETF Data'!E3:E253) -> 1.1675352 | H3: Sharpe Ratio | I3: =(C9-L2)/C10 -> 1.9247148 | K3: Days | L3: 252
B4: Anualised Average Return | C4: =C3*L3 -> 0.42456922 | E4: Sharpe Ratio | F4: =(C4-L2)/C5 -> 1.8535129
B5: St. Dev. | C5: =_xlfn.STDEV.P('ETF Data'!C3:C253)*SQRT(L3) -> 0.2052153 | E5: Treynor Ratio | F5: =(C4-L2)/F3 -> 0.32578822
E6: Jensen's Alpha | F6: =C4-(L2+F3*(C9-L2)) -> 0.0029493743
B7: IXIC | E7: M2 | F7: =F4*C10+L2 -> 0.35550347
B8: Expected Return | C8: =AVERAGE('ETF Data'!E3:E253) -> 0.0014581828
B9: Anualised Average Return | C9: =C8*L3 -> 0.36746206
B10: St. Dev. | C10: =_xlfn.STDEV.P('ETF Data'!E3:E253)*SQRT(L3) -> 0.16795322
B13: Covariance | C13: =_xlfn.COVARIANCE.P('ETF Data'!C3:C253,'ETF Data'!E3:E253)*L3 -> 0.032934166
B14: Correlation | C14: =C13/(C5*C10) -> 0.95553937
B15: Estimated Rf rate (252 days) | C15: =L2/L3 -> 0.00017539683
B16: Tracking Error | C16: =_xlfn.STDEV.P('ETF Data'!F3:F253)*SQRT(L3) -> 0.066732851
